13.5972,28.1197,107.3289
28.5019,15.8203,101.384
21.9288,14.6332,98.2869
4.4448,24.5779,95.3702
-0.1536,33.1415,97.0189
1.9949,45.3957,102.85
13.427,41.7744,105.928
28.525,34.8598,109.126
31.7566,25.3077,106.532
26.3836,16.1856,90.7673
34.5223,17.8975,94.1968
21.6126,14.9395,93.7074
37.1559,26.0974,100.7377
5.5271,25.8564,93.0193
3.4882,38.3743,98.0175
14.1625,42.0135,102.1521
31.2739,37.0198,105.4921
33.5786,17.2115,83.4521
23.6345,23.2418,85.7125
18.0141,26.9889,87.4083
34.086,17.0455,90.3402
10.3547,22.887,90.7481
39.0042,18.1219,89.9534
41.5755,23.8509,93.5731
34.1926,37.1628,100.9211
39.7872,30.7218,97.0893
9.2571,38.0946,96.3568
18.2482,40.935,99.2858
29.8631,41.2901,94.7852
35.181,17.7529,77.0658
28.373,24.5583,78.7209
40.3217,15.0858,81.7038
23.3145,33.3374,82.7398
15.0964,31.7652,89.4007
43.841,14.1851,81.0204
47.0785,23.3208,88.0194
46.4922,15.8676,82.6138
43.8807,33.3612,92.3162
37.202,42.288,88.0422
16.834,37.4383,91.8823
21.4424,40.1452,93.7172
29.6753,41.7971,88.4139
38.7586,15.4317,71.3869
31.8229,24.1947,72.1102
41.1083,13.5778,76.0997
29.2748,34.3441,75.9833
33.4931,41.737,78.973
24.7503,39.3528,87.3187
46.7718,9.5526,74.183
50.1323,11.6604,77.042
49.2543,9.894,75.3934
50.2897,30.8736,86.3971
51.4497,17.6984,81.3981
45.0967,37.636,87.4597
39.108,43.2222,81.2828
45.6763,41.3181,82.4626
43.2406,16.8634,62.402
40.1225,21.4318,64.0515
45.5039,8.8022,69.7143
37.6391,26.7589,65.4891
35.3093,32.3242,67.9789
36.6453,38.0457,70.3142
39.022,40.8195,71.9033
49.1686,4.8802,69.026
53.1294,3.6863,69.2378
55.4822,16.3826,77.9162
53.4157,5.7431,70.7341
51.5212,36.1275,82.9748
54.8973,30.6906,82.248
43.5125,42.5265,73.5091
52.3472,39.896,75.4187
45.392,11.8542,61.2398
43.6842,18.7035,62.3233
45.4739,9.4198,59.9677
41.3623,23.1662,62.772
37.5534,27.9063,65.9753
36.2478,36.4827,70.2167
41.3553,41.1743,73.0335
45.2453,0.3134,56.6172
51.7023,2.1977,68.1717
60.1547,7.9669,66.7696
61.0382,-3.5974,60.8934
60.2173,22.327,72.3045
59.2114,15.6201,70.6374
57.0074,33.9619,76.1734
48.738,40.5318,74.3584
53.9578,36.9248,73.597
46.8007,12.301,52.8854
46.4768,23.2781,56.4659
45.3994,0.6226,56.5414
46.5973,38.8765,62.4537
44.3587,31.8979,60.4339
48.6486,39.6494,65.1951
45.3532,-3.9702,53.3378
47.1524,-8.3459,54.9354
55.2175,-12.642,58.6303
59.6767,16.5655,67.9787
60.8055,6.1627,63.1558
59.4557,-7.1731,58.2934
61.1812,-1.8182,59.7609
57.8566,29.5263,73.047
52.139,38.3832,65.6341
55.9238,33.9994,65.8514
47.42,13.4504,46.3603
48.2992,21.0065,49.5183
45.0657,6.3378,48.721
51.5647,31.8453,47.7484
49.3255,34.8251,55.8042
43.0688,0.7218,44.967
53.9129,36.707,58.0241
42.0983,-5.4132,42.4104
46.7136,-9.911,51.1026
50.4401,-15.7176,48.6132
57.2759,-14.1319,52.0002
54.6437,-16.0069,49.8789
62.6961,21.3587,61.8569
60.7232,12.7136,63.9814
59.8191,25.4403,67.3352
62.9636,6.9584,57.2941
62.846,-7.0378,51.5651
63.0325,-0.115,54.5618
59.5657,31.1375,58.3016
59.9382,27.9119,63.619
47.9676,10.8458,38.6906
50.4781,17.1674,41.6569
51.2078,23.1141,44.0389
42.3194,2.2578,39.6753
55.703,32.0928,44.7289
52.7003,33.748,50.6652
54.4119,26.589,40.4212
56.9886,33.5309,51.7959
38.0612,-3.8986,35.3089
42.6094,-11.1351,40.6104
45.0303,-15.2031,40.3239
53.8967,-21.141,41.8265
48.4908,-19.6988,39.2076
59.3088,-16.2971,46.4685
63.6084,23.0149,56.1138
63.4984,15.7041,56.8741
62.5343,14.1762,59.4773
65.0621,10.153,51.7368
64.1001,1.4006,51.9372
65.3949,-4.2934,45.9567
61.7052,28.4176,51.9173
51.111,13.1337,33.7302
43.266,4.3442,33.6669
53.342,19.0813,37.0802
58.6092,28.9055,36.4022
60.7086,29.1763,37.8066
60.9665,30.4499,45.2362
39.3031,-7.4596,37.3969
36.3038,-2.1999,32.4228
38.2488,-6.2377,37.8606
35.4636,-3.5645,35.7684
40.4425,-11.7668,39.0223
62.8545,-17.4411,39.4345
58.9141,-24.4629,34.9566
51.7804,-25.6535,35.0468
54.2615,-25.4825,35.4586
44.5148,-26.0218,31.8992
43.1787,-19.8452,37.1879
49.822,-26.3709,33.4639
46.3392,-24.6423,33.4787
64.1286,-10.9199,42.7024
65.2544,21.4837,49.5167
66.9328,10.9218,45.9371
65.1539,2.9697,48.9005
67.1446,-5.9506,39.409
67.0226,2.461,42.6737
66.1242,3.3667,45.9614
52.4348,14.3933,28.357
44.3172,5.284,27.6506
56.1785,24.4426,32.3167
59.7493,29.0216,31.1583
65.5719,23.3249,36.2961
64.6949,24.4018,43.3694
39.5497,-12.1395,41.4877
34.6005,-1.6663,28.2142
32.7283,-2.9645,29.5636
34.8051,-5.6534,42.4842
37.4277,-9.7033,42.7453
31.7599,-3.2931,39.4407
30.5913,-3.1441,34.9211
41.1238,-16.7345,40.3287
64.8139,-18.5536,33.7107
66.124,-12.3845,36.6087
54.6216,-30.2113,29.9653
59.9825,-25.1465,32.3317
43.8844,-30.1468,28.822
40.9224,-27.3969,35.4674
42.3642,-21.4407,39.0267
50.9485,-32.4373,27.446
46.2533,-26.5525,31.81
67.2919,17.3119,41.682
68.7348,14.7308,34.0449
67.9338,3.0224,39.6807
69.0204,-4.9162,33.4571
67.3071,-12.001,33.7376
53.7135,16.2513,21.5998
46.3974,7.5049,22.6379
34.692,-0.4798,21.7624
40.7215,3.4101,22.2038
59.438,28.6383,29.377
56.6567,23.3053,25.4353
60.1984,27.872,23.467
66.8127,20.6605,28.6636
38.5318,-16.8343,44.73
40.6746,-19.0815,40.9383
37.5198,-13.2007,45.1576
29.1742,-3.2175,25.5723
29.0756,-3.1625,29.2766
34.6759,-9.5981,47.8232
30.7128,-4.7664,47.4
30.9731,-3.1665,44.0975
27.2872,-2.2628,41.4972
26.3558,-2.2785,37.2969
25.3703,-2.7995,32.6806
65.5249,-21.7794,25.185
67.9732,-13.6187,29.4709
56.1205,-32.4666,25.1003
60.172,-26.8384,28.0995
43.024,-34.2133,25.7982
39.2158,-32.8727,33.1423
37.8026,-28.8621,41.2289
40.256,-24.8384,39.6794
37.8762,-30.4572,37.1856
39.1722,-22.6916,42.7623
50.8988,-36.6508,20.2913
48.1291,-36.6432,21.5233
69.4461,11.6488,26.5282
68.9899,4.8864,33.7682
69.317,5.9507,31.0262
69.9188,-2.7276,27.9875
68.8894,-11.284,27.4546
56.1131,19.4029,17.0278
49.2557,11.0084,18.0267
44.2245,6.43,14.4991
36.9547,1.7813,16.7012
28.8491,-0.082,12.8623
25.5764,-2.4357,17.6174
62.4626,24.2415,15.9272
63.8168,23.7383,15.9823
68.4544,16.9956,21.5333
37.8428,-21.3276,46.5485
36.2994,-17.2588,50.8709
35.4487,-13.1442,49.3242
25.6128,-3.4022,21.7532
24.9415,-3.1879,28.054
24.3483,-3.5666,23.4738
32.5328,-12.0453,54.0064
31.5709,-8.2388,50.3411
27.2839,-7.06,52.883
25.8395,-2.8411,46.9262
22.6792,-2.1677,42.621
19.7902,-1.9182,38.5157
21.459,-2.4211,35.0025
19.945,-2.9414,30.9683
63.2271,-26.1513,15.711
68.2053,-17.2426,21.4044
60.5079,-28.7871,20.5357
60.7982,-27.2798,25.1057
52.2701,-37.7617,13.9118
57.8751,-32.0574,14.7713
45.4263,-41.2867,15.7445
39.7765,-38.5342,23.341
37.9372,-38.7242,29.9422
37.1934,-33.2303,39.2485
36.2662,-37.4813,37.0111
36.3653,-33.7146,45.5446
36.3668,-29.9214,47.1467
37.3654,-27.3757,44.8032
36.5682,-26.0617,48.6373
70.6655,1.2131,22.7073
70.1857,10.2235,19.4152
69.855,4.4418,27.2923
70.675,-7.2501,19.2167
70.0961,-9.1971,21.8412
69.4394,-10.1755,24.7566
53.8993,17.17,8.3692
49.1594,11.4135,11.5923
41.5877,6.0988,6.1325
45.5921,8.7442,5.5288
35.2235,3.1393,9.5862
23.3749,2.0461,4.5851
22.8635,-1.0781,9.7328
32.5797,3.8738,5.469
20.4706,-3.6075,15.0715
19.8532,-4.7256,18.4987
63.8943,23.5869,9.2308
68.6708,16.7582,14.1414
70.5223,9.9146,15.5028
36.1345,-24.4019,53.9101
34.6702,-16.0871,55.7016
36.1205,-19.4128,55.0041
19.5252,-3.5975,26.4373
19.9384,-4.0399,22.1661
33.9781,-15.4066,59.9873
30.9888,-12.693,59.1875
27.556,-10.1751,58.519
22.9592,-8.5846,57.3866
20.8424,-5.3211,50.8109
22.752,-7.3597,54.4278
21.9734,-2.9523,45.2629
16.8353,-3.0651,44.5035
15.0052,-0.7482,36.2094
15.3645,-3.8641,29.0735
61.3038,-28.0857,7.1149
69.605,-15.362,15.739
65.7364,-21.7883,11.4266
58.6145,-31.2744,11.7942
53.8457,-36.3017,7.8754
43.0711,-44.7878,8.2418
38.0908,-44.952,11.6463
38.4755,-41.871,19.5405
38.7817,-41.231,25.616
35.015,-41.6521,34.8923
35.5839,-41.8065,31.6325
36.2228,-35.6,41.3019
34.1898,-40.7492,42.0205
34.2682,-42.2854,37.8765
35.228,-31.6516,50.616
34.4952,-35.8199,50.8059
34.3493,-38.6897,46.4475
35.6163,-27.8904,52.16
71.0849,3.3529,17.1985
70.9645,-6.178,16.4713
50.4982,13.1796,-1.0903
56.4983,19.1311,3.3232
41.319,7.5245,-0.1067
28.8219,4.79,0.9482
17.7433,4.2828,-2.9978
14.9108,-0.7841,-2.004
17.6793,-5.3716,6.2063
20.2411,-2.5924,8.1578
17.1493,-6.9794,12.259
17.1141,-6.5139,15.479
16.1124,-5.4262,18.8524
64.5346,24.1369,3.28
69.0605,16.8415,6.7012
71.3359,2.6502,9.3973
70.4896,9.4464,8.0564
34.1651,-30.0054,56.3653
36.4189,-22.4744,57.7859
35.1139,-27.5898,59.5773
36.2488,-19.3751,59.6288
13.3337,-4.1655,24.6868
15.6258,-4.5174,21.35
37.1647,-16.9389,66.7247
30.8869,-12.5558,65.8583
29.0754,-11.6528,62.1905
26.9015,-11.1971,64.8935
22.8897,-9.9278,63.763
20.6411,-9.2564,59.6973
18.5605,-8.491,55.6973
14.5578,-6.6594,48.5497
19.1726,-2.0388,48.279
14.992,-5.1871,45.1187
15.0772,-2.5107,38.5564
10.2876,-6.2783,32.251
12.1205,-4.77,37.4587
11.7652,-5.1348,28.4892
63.6601,-23.8737,2.8746
57.8244,-31.4452,-2.5944
52.5242,-36.6897,0.2376
70.1138,-12.5614,10.2522
66.7041,-19.5883,9.353
45.4017,-41.5559,2.3485
34.7701,-44.1889,-2.5534
31.8928,-43.9461,2.8586
34.7455,-44.4631,8.3875
37.2395,-44.042,15.5378
37.2076,-43.921,19.495
34.8694,-45.3658,25.9001
34.9339,-44.8166,20.6907
33.4499,-45.9656,32.742
32.0021,-43.4971,47.0503
32.0989,-44.3265,43.0814
31.993,-46.7862,38.6165
34.2001,-35.4593,55.0772
33.7016,-39.4954,49.1589
71.0954,-4.646,13.7385
47.6128,14.1139,-8.3774
58.8373,21.611,-1.8618
42.8444,10.4045,-5.2153
53.3357,17.0358,-5.2872
28.7413,7.4152,-4.6998
35.8031,8.894,-5.0436
16.181,9.7757,-10.018
12.4088,1.6975,-7.094
12.6081,-7.6936,-4.3412
17.7483,-13.8437,3.8711
16.6534,-13.0054,10.0378
15.22,-10.7294,13.3362
15.8862,-7.8026,15.3276
11.6331,-4.5406,20.0541
12.8503,-7.5074,17.0522
64.6961,25.0643,-3.9449
67.4481,20.6857,1.444
69.6351,13.6801,-0.7585
70.9393,4.9071,3.6279
71.0069,-4.4603,6.6497
71.0082,-4.9087,9.8033
70.9325,-2.569,3.9013
34.1041,-30.795,58.494
36.5639,-25.3575,61.0022
38.7243,-20.0642,64.2559
8.2488,-5.4693,25.301
43.3186,-17.1126,69.4209
38.4478,-19.2787,72.6574
33.3401,-16.3515,71.9535
28.4801,-13.8627,71.2766
25.8244,-11.5923,68.0387
23.4711,-11.6389,70.7833
18.1192,-10.7512,68.3444
16.8186,-10.2492,61.2921
14.2955,-10.7138,56.502
13.6179,-9.4582,53.4805
11.2927,-10.7914,50.8208
12.3804,-7.8972,46.5573
10.9776,-7.8509,42.5019
10.2373,-6.9599,38.7084
6.4881,-9.7854,33.1391
7.2206,-7.3421,29.3396
63.6962,-22.4762,-3.1788
69.8996,-11.4811,3.9294
67.0243,-18.2935,6.5403
66.99,-17.0822,0.3687
57.0371,-29.6994,-16.0351
50.9962,-34.836,-13.4831
48.5239,-38.1715,-8.7658
60.6938,-26.1674,-9.4939
45.9582,-40.1377,-3.7155
36.7888,-42.5754,-8.1196
24.5155,-40.0211,-6.1719
29.7832,-42.9628,0.9575
32.0664,-43.8676,4.6752
31.0198,-44.0477,15.3528
27.1806,-40.3681,11.2466
31.3746,-49.36,30.1414
30.6929,-49.284,23.2933
30.5429,-46.6224,19.5621
29.1217,-49.9647,36.0543
33.6745,-41.4856,52.0628
27.4693,-46.9822,50.5993
31.358,-44.8197,50.989
28.2872,-48.0167,43.5886
38.7444,-34.5783,54.5968
36.1523,-37.8316,53.8273
36.3677,-32.1883,57.0911
40.6266,16.0968,-18.6327
51.2294,18.3212,-13.5155
41.6191,13.4371,-11.896
60.7037,24.717,-8.0635
54.9472,19.534,-7.7811
30.7208,10.7619,-9.501
23.3218,10.5297,-9.6258
17.1431,12.7821,-14.6328
12.4047,7.8793,-13.1271
23.6103,12.1779,-11.9428
11.0092,-0.922,-14.9835
11.2132,-4.2561,-10.3293
13.6221,-15.1479,-13.0398
13.891,-14.7025,-7.0297
19.1563,-22.1876,2.1448
16.4886,-19.0657,8.4523
15.7435,-16.2067,11.2626
11.453,-9.1145,13.9334
11.6912,-14.9628,9.9419
14.981,-13.9183,12.0126
7.8682,-5.1458,21.6765
4.3732,-5.4146,16.4381
9.0314,-6.793,15.5231
65.1387,26.4725,-10.8061
66.7879,25.7259,-11.3358
68.0371,20.9054,-6.7397
69.7503,11.207,-9.6084
70.2235,2.4947,-4.4385
70.2068,-7.8182,-1.6561
37.7682,-29.6703,57.984
41.7613,-28.2779,56.6328
39.2172,-23.4597,61.6958
43.9129,-21.6772,61.3037
43.3515,-19.0905,64.7719
2.9677,-9.0219,28.017
4.3938,-6.2444,23.3938
48.426,-20.2384,72.1079
42.7017,-21.7607,73.2246
46.4836,-17.7401,66.6907
48.3147,-18.3117,69.9674
35.3985,-22.8933,73.8862
31.9238,-19.8204,73.8002
29.4349,-17.0636,73.3423
24.3314,-14.0814,74.1676
26.1174,-16.6009,74.3567
21.667,-13.3356,77.6837
18.5239,-11.2057,73.6872
13.1174,-11.8018,73.8437
13.8073,-13.065,66.1375
13.883,-12.9428,70.0852
12.9984,-12.6192,61.3219
9.5949,-13.5837,57.4808
7.5295,-14.9383,50.4342
8.1977,-12.8415,46.5973
8.8137,-10.202,42.5717
6.9036,-11.2532,40.3709
6.4411,-10.6195,36.1204
2.7397,-12.9818,33.6869
64.4525,-20.7143,-9.321
67.5602,-15.4596,-2.4881
58.9755,-23.3759,-28.5023
62.9892,-20.7752,-17.0918
50.0653,-30.5469,-25.6263
48.3995,-33.541,-20.997
43.9362,-36.7665,-17.0128
37.579,-40.0061,-13.994
23.8234,-39.2515,-11.5784
20.7081,-33.556,-4.2057
22.9055,-37.3205,-1.2318
26.9068,-39.5959,-0.1401
26.0742,-47.3902,18.7101
26.8181,-44.1757,14.9377
22.8036,-39.0762,9.822
22.6515,-44.1358,14.6415
28.549,-51.1543,28.567
26.133,-49.4963,21.9388
25.5671,-50.1217,37.5277
25.3508,-50.9736,33.6856
34.1817,-45.6278,53.8203
36.191,-41.6928,52.6185
29.6807,-46.6182,52.3086
22.5013,-45.8825,55.6851
20.2819,-47.6929,47.9292
21.4555,-46.6896,51.7627
24.6693,-48.1079,46.0384
22.2705,-49.2834,41.1165
44.8284,-35.8877,49.6558
43.9403,-32.5227,52.3866
39.5406,-41.8216,50.9538
41.0607,19.7854,-23.9417
51.9141,21.6105,-18.289
30.858,18.0949,-22.6984
32.8839,13.6514,-14.3331
56.6533,23.1704,-13.1595
62.6383,27.3461,-13.0506
25.6873,13.5275,-14.1937
17.1386,13.5047,-19.7272
20.8538,15.8316,-19.0298
12.6024,10.068,-16.0823
13.5989,0.1079,-20.9086
14.3849,-10.6792,-17.8479
20.5333,-23.751,-20.9935
15.3449,-21.5853,-9.6946
17.7575,-17.1926,-19.4523
18.3573,-31.3448,4.2375
17.1485,-24.9356,5.8045
17.6597,-25.1043,-5.6835
15.4982,-21.9392,9.6522
14.4876,-17.6299,10.6441
6.5171,-8.4807,10.2962
12.2578,-18.7503,9.1823
8.7632,-16.2844,3.9585
6.9579,-11.9847,3.7046
-0.7616,-7.6635,20.985
-1.2277,-7.4263,12.2557
-0.5474,-7.4613,17.1473
2.5489,-6.7265,10.9467
65.3057,28.0137,-17.3395
69.0907,20.8076,-20.9397
69.5719,14.188,-15.6301
70.0062,1.9348,-13.0962
69.5355,-4.8765,-7.9595
67.7636,-12.2393,-11.3837
67.6293,-14.3274,-5.5446
45.6249,-28.998,54.1012
45.6409,-26.0492,56.4519
42.7455,-24.92,58.8842
48.5246,-22.6653,58.488
47.8249,-19.2001,63.0082
-1.0171,-12.6709,28.6916
-0.6757,-9.6822,25.0836
50.6201,-23.9487,72.01
45.2354,-24.9455,73.3186
50.893,-19.4603,70.4324
52.9893,-21.6886,70.7896
38.5543,-26.4809,73.7492
50.807,-18.0797,64.5687
32.6063,-30.1409,73.4813
29.4594,-25.7394,74.1228
26.8552,-20.9055,74.8714
23.7969,-19.7871,76.471
17.3118,-9.864,77.5615
10.536,-16.9502,71.8332
11.4379,-17.3072,67.7508
11.3662,-16.4236,63.8136
9.999,-20.6766,61.1111
9.0303,-18.8989,56.5603
7.3232,-20.1469,52.9718
7.5394,-15.9318,52.1621
6.2922,-14.4868,45.0904
4.2851,-17.2903,43.6471
4.792,-13.199,38.0366
1.7714,-17.754,38.2883
0.6175,-16.8685,34.8535
-0.809,-15.8039,31.5728
61.5098,-17.661,-31.2182
53.3271,-21.0518,-34.8515
65.4926,-14.7516,-21.5969
50.6477,-25.6885,-31.5311
44.4515,-30.7233,-27.3721
40.7965,-33.5983,-23.6586
37.5801,-36.2466,-19.2178
32.343,-34.4746,-20.6035
27.1491,-36.3695,-16.0991
18.4644,-27.4719,-15.7145
17.8098,-28.02,-11.8204
23.7293,-30.3505,-19.0046
20.2282,-34.3018,1.5597
19.9503,-35.7777,4.2297
21.5459,-48.771,20.3461
18.8029,-40.3681,11.2859
18.3593,-38.7674,9.0089
18.3371,-45.8555,16.6619
18.624,-43.3457,13.6362
23.5539,-51.1274,26.7504
24.4136,-51.2768,30.3605
22.5511,-50.0084,23.3137
21.2273,-50.0659,36.5953
20.2055,-50.805,32.199
41.6816,-45.1877,51.3995
38.552,-46.2178,54.7491
34.1247,-45.6116,60.3348
28.9541,-45.9199,58.3342
23.0281,-43.4197,60.6825
18.0394,-45.0068,54.2657
18.5646,-42.7438,59.1015
17.1125,-47.7798,43.3212
16.7177,-45.9059,50.5063
18.2339,-48.5397,39.8825
48.1829,-38.3346,45.855
43.6128,-40.8265,48.2699
48.8641,-34.1489,48.7801
49.6886,-29.7479,51.563
42.5047,22.7434,-29.5703
49.0438,24.0321,-25.2572
29.3461,19.3105,-28.7871
60.3458,29.7591,-19.2701
54.5916,26.9931,-22.199
25.0639,17.143,-23.422
63.2621,29.3709,-18.6412
22.7176,15.1877,-26.6148
17.4982,4.2892,-25.3961
23.4716,-7.1206,-27.1274
19.191,-9.8765,-22.869
32.7403,-29.7528,-25.3857
24.801,-20.0431,-24.8333
26.2849,-29.5771,-21.4358
16.8899,-31.6145,6.0598
16.8656,-26.3231,7.6128
15.3515,-27.0489,6.9663
11.8724,-22.7221,6.8803
5.2061,-8.4704,4.7938
6.829,-14.5484,-1.5912
8.0848,-20.1552,-1.5236
9.6527,-22.3625,2.0438
6.109,-9.9224,0.9941
-4.324,-12.5627,23.987
-3.981,-10.5536,17.8398
0.8764,-6.2285,8.448
-3.4855,-8.4859,7.2502
-4.7369,-11.8145,13.2174
-4.5895,-10.8814,9.1388
64.6907,30.8164,-23.612
67.3822,27.8331,-24.6086
68.7981,17.9074,-28.9183
68.6967,14.1077,-27.042
68.9625,13.414,-23.6061
68.5572,6.2926,-26.1894
68.8393,-3.0883,-18.9301
69.0562,-5.1544,-12.2632
67.6213,-7.9978,-24.7373
50.674,-25.2783,54.9563
55.2014,-23.0746,58.8947
53.583,-20.9517,61.8313
-3.6137,-19.1897,29.0869
-3.7835,-15.9292,26.4252
53.2481,-28.5139,67.9962
46.8917,-29.3486,71.9729
53.1344,-24.7978,69.4411
40.3013,-29.5608,73.2814
54.7056,-20.9045,65.6344
36.7241,-31.595,72.9902
34.2838,-35.8718,71.4423
28.9714,-33.6443,71.6017
28.4543,-30.1105,72.8475
24.283,-30.118,72.2375
24.1436,-24.2004,74.4705
21.1509,-24.4765,74.5139
16.8289,-26.6958,72.6127
12.0457,-26.2044,69.7727
9.0814,-21.806,71.3454
11.0781,-22.4071,69.6227
10.896,-25.3282,61.0557
11.6987,-23.5456,64.3824
9.4024,-27.2683,58.0205
8.0421,-23.6673,55.682
7.2343,-27.0766,54.316
5.9508,-24.0453,51.6745
5.0686,-21.0554,48.8111
2.7845,-21.7942,44.4807
-0.9133,-24.7089,37.3969
1.2808,-21.5307,40.4718
-1.0022,-21.0918,35.6808
62.9182,-11.9244,-35.0428
58.2243,-15.4564,-37.5963
51.6966,-14.6652,-40.0588
47.7067,-18.7234,-36.2849
44.3794,-22.7174,-33.5877
37.2375,-26.8279,-29.1743
14.5309,-37.8548,8.1957
17.9597,-50.2395,25.0525
16.5433,-47.4076,19.9404
14.6315,-42.3877,12.7497
13.5919,-45.1077,17.815
14.4622,-47.2831,38.5223
17.3121,-49.063,35.3938
13.9028,-48.2215,30.8162
45.3887,-44.5387,49.3275
45.1356,-45.4538,53.0855
44.3635,-44.7608,57.5324
38.9987,-45.3461,58.8527
39.2802,-43.6023,63.1953
31.5313,-43.6298,64.1783
26.2891,-43.4711,62.1301
23.6763,-39.9397,65.5014
19.1332,-39.7999,62.6581
13.5516,-43.3222,52.7323
14.7352,-42.4838,56.2287
14.8881,-39.2367,59.2665
12.624,-45.2252,45.3974
51.5755,-39.9142,47.6814
52.3724,-36.7935,47.9654
48.9144,-42.8133,47.995
52.0629,-33.8597,48.807
55.6486,-32.8026,50.3446
53.8875,-29.3381,52.5841
37.4257,22.5243,-37.4218
46.6712,26.2216,-33.2468
33.2172,20.2757,-33.6643
55.9357,31.5937,-27.1592
31.3366,14.8865,-34.0367
28.848,13.3504,-32.3159
62.6843,32.3834,-24.365
24.681,6.139,-29.9604
30.626,-5.4891,-32.1593
29.7063,-17.3629,-28.6052
11.3216,-34.476,4.748
14.0333,-30.1893,5.1267
11.2973,-26.622,2.9579
9.2095,-24.2495,-3.1134
-6.0816,-18.3519,20.97
-4.7282,-18.703,25.0144
-5.4678,-14.0277,19.5984
-5.5865,-13.8791,15.9861
-7.2722,-12.2747,5.5682
-6.9359,-18.4586,14.0343
-5.874,-14.1481,9.6732
-7.2239,-16.453,5.8878
64.1092,34.2039,-29.1686
68.5589,21.5873,-31.2881
67.2571,29.9101,-31.3061
67.3225,14.7166,-37.7668
67.6814,7.5302,-33.132
66.8473,-5.0983,-32.1714
68.2515,-0.943,-25.4493
56.1447,-28.4239,54.8401
56.4257,-26.1095,58.6956
56.0402,-25.4291,62.9586
-2.9403,-25.8383,26.778
-2.751,-24.048,33.1255
-4.6937,-22.1022,23.9395
55.904,-30.5986,60.1813
48.8999,-33.071,68.3877
51.1481,-33.5109,65.4447
54.3537,-24.6253,66.8713
40.7961,-32.958,72.3303
44.9032,-33.198,70.5508
39.6514,-36.4425,70.1243
36.8309,-40.0753,67.8412
31.4088,-40.2033,68.4087
27.269,-36.4582,69.6251
23.0622,-32.2973,70.6514
19.2788,-27.8418,72.1939
19.3208,-30.8646,69.3399
15.1406,-25.3179,67.4356
13.8388,-27.5436,64.079
12.1669,-30.1214,60.847
9.487,-34.4667,54.6234
6.4921,-31.6539,51.1743
3.9212,-27.1783,49.1621
1.1711,-25.4225,42.478
-1.0151,-28.2118,36.2164
60.9519,-7.5524,-40.7027
54.8153,-7.6751,-43.5102
43.9004,-4.6145,-40.9698
40.2454,-10.4751,-36.5835
36.3425,-13.5002,-33.6016
9.9456,-39.1938,10.7056
8.9646,-36.652,5.643
14.049,-47.2273,24.7089
13.2276,-46.2104,21.9666
10.2282,-41.6794,16.1135
10.6515,-44.054,24.2665
9.6863,-42.0728,20.3378
9.6799,-43.315,34.3488
11.244,-44.0403,41.809
9.8485,-42.8443,38.2587
9.5678,-43.3014,30.5148
12.1165,-46.1315,27.5708
49.4937,-44.0457,51.1905
48.7179,-42.0019,57.2836
44.5583,-41.2223,63.0938
42.088,-40.1828,65.731
35.3474,-41.966,66.0014
27.5597,-41.0133,66.0205
23.4111,-36.4192,67.9671
19.6841,-36.1627,66.0689
16.4768,-36.7027,62.5874
10.7158,-41.8702,48.816
9.4601,-38.0012,51.4521
11.9712,-39.4643,54.1682
12.9682,-33.4133,60.4111
12.3111,-36.7851,56.927
9.2346,-41.7434,41.6542
9.5665,-41.7124,45.1735
55.0207,-35.4766,50.4336
52.6157,-40.1431,53.8889
56.14,-33.073,54.6036
40.7508,22.0723,-44.618
42.7045,25.9579,-40.8835
36.6392,20.429,-40.0099
51.0595,30.9978,-36.3163
34.0456,9.2959,-38.7928
58.1013,33.9363,-32.383
63.5698,35.1018,-30.1389
30.4931,5.4649,-34.1071
36.7196,0.2683,-38.0488
37.1641,-5.0946,-36.6863
9.1269,-30.8475,-0.55
7.1276,-34.2126,-1.2414
8.7364,-29.096,-3.5246
3.0955,-37.4177,-1.5847
-1.3866,-38.0286,-2.0327
-6.7186,-34.484,-4.1668
-8.3402,-30.2918,-3.222
-9.581,-24.5721,-0.6866
-8.4614,-15.92,2.6114
-8.9723,-20.4353,0.7386
-4.8057,-25.5668,19.3107
-6.3423,-22.0041,16.759
-7.3227,-24.8177,11.2481
-7.5118,-20.5473,8.2915
-6.8694,-17.495,9.8751
-8.4173,-22.8154,0.7278
66.4052,29.8507,-38.6382
67.0868,22.3778,-38.161
63.0053,35.1961,-35.3469
65.7919,15.5792,-44.03
65.9209,8.4605,-40.1234
63.3209,1.6911,-43.4827
-0.3946,-31.4144,25.7291
-1.5983,-30.352,22.1736
-1.782,-27.6624,32.5184
54.1933,-35.2812,57.2988
52.7818,-34.2334,61.5058
49.4462,-37.4949,62.9814
44.755,-36.5699,68.2546
40.8125,-38.3871,68.0115
16.7616,-31.693,65.8192
5.6313,-33.8983,47.6169
2.6376,-30.1194,44.4581
0.8228,-29.2154,40.2945
1.9654,-33.3683,39.4111
0.3486,-31.7922,31.5499
1.2161,-32.5177,35.4522
59.6155,-0.6384,-44.9923
56.7391,0.0711,-45.6411
47.159,2.0304,-44.2783
38.8513,2.243,-39.897
6.4167,-39.1045,17.1188
5.0437,-37.2167,11.8592
3.3776,-35.9635,7.799
5.6392,-36.7233,3.0179
8.4869,-41.1742,27.4958
8.0061,-39.5402,24.4684
5.7726,-38.2242,30.3936
6.1183,-37.5779,37.8561
7.3005,-37.6991,44.6935
50.4717,15.3711,-50.1722
47.1212,21.1272,-48.5647
47.6632,30.1961,-45.0716
48.7329,9.6314,-47.1224
40.9903,9.5001,-43.1006
37.5245,15.4643,-41.6434
53.196,34.1767,-41.6836
40.3718,5.616,-41.6786
61.5837,36.006,-37.6141
0.3052,-35.4987,2.725
-4.4722,-33.9922,-0.5156
-6.9739,-30.615,-0.3882
-2.3124,-30.0866,18.4902
-2.8792,-30.2861,15.5387
-5.4681,-26.3205,14.6172
-5.7965,-29.486,9.3381
-7.21,-27.9327,6.1637
-7.7165,-23.95,6.3112
61.7597,35.7831,-43.4735
65.8415,29.132,-47.44
66.6008,22.8621,-41.3197
62.0289,18.6124,-52.0365
63.1011,9.5081,-46.8081
60.0074,7.0037,-48.4311
3.3574,-35.9547,24.7469
1.7781,-33.899,28.1473
1.9942,-34.904,21.1187
0.557,-33.9901,17.5365
4.633,-35.5337,42.0523
3.4963,-33.0968,43.1947
2.8524,-34.757,34.5591
2.928,-35.0738,30.9801
4.7159,-37.636,20.6584
0.1988,-34.0868,11.6597
0.4233,-34.5383,7.0837
58.6934,17.2383,-53.6605
51.851,27.5734,-53.84
53.6399,35.0528,-48.5116
58.8358,36.4582,-45.2529
-4.2557,-31.9823,5.1195
61.6043,34.7983,-50.0891
62.8634,29.3999,-53.5483
60.0449,22.1072,-54.6543
59.2404,23.8954,-55.6135
57.134,34.7296,-53.2035
58.5244,35.6565,-50.9551
60.3093,32.8209,-53.4647
10.536,-16.9502,77.8332
13.1174,-11.8018,79.8437
17.3118,-9.864,83.5615
21.667,-13.3356,83.6837
23.7969,-19.7871,82.471
21.1509,-24.4765,80.5139
16.8289,-26.6958,78.6127
12.0457,-26.2044,75.7727
9.0814,-21.806,77.3454
-8.4614,-15.92,-3.3886
-8.9723,-20.4353,-5.2614
-9.581,-24.5721,-6.6866
-8.3402,-30.2918,-9.222
-6.7186,-34.484,-10.1668
-1.3866,-38.0286,-8.0327
3.0955,-37.4177,-7.5847
7.1276,-34.2126,-7.2414
8.7364,-29.096,-9.5246
9.2095,-24.2495,-9.1134
8.0848,-20.1552,-7.5236
6.829,-14.5484,-7.5912
6.109,-9.9224,-5.0059
5.2061,-8.4704,-1.2062
0.8764,-6.2285,2.448
-3.4855,-8.4859,1.2502
-7.2722,-12.2747,-0.4318
16.1707,-18.9913,79.9598
0.0621,-21.6937,-5.546
